id_jugador,nick,region,nivel,rango,fecha_registro,antiguedad_dias
J0001,Manuela Amaya,EU-Oeste,95,Plata,2024-03-23,855
J0002,Jose Ignacio Morata,EU-Oeste,14,Oro,2025-05-23,429
J0003,Dominga Bonet,EU-Este,76,Plata,2023-07-08,1114
J0004,Anton Manu,EU-Oeste,30,Plata,2025-12-07,231
J0005,Joan Gil,EU-Oeste,92,Oro,2025-12-10,228
J0006,Lilia Flor,EU-Este,58,Oro,2024-06-27,759
J0007,Ariadna Gimenez,LATAM,98,Platino,2023-10-01,1029
J0008,Nydia Navarrete,EU-Este,36,Bronce,2024-01-23,915
J0009,Isidoro Nieto,LATAM,14,Bronce,2023-05-02,1181
J0010,Ildefonso Navarro,EU-Oeste,45,Oro,2025-09-29,300
J0011,Ricardo Bru,EU-Oeste,59,Plata,2023-10-03,1027
J0012,Rebeca Palomar,EU-Oeste,71,Plata,2023-06-07,1145
J0013,Elisabet Beltran,EU-Oeste,47,Oro,2024-04-03,844
J0014,Nydia Casanovas,EU-Oeste,85,Bronce,2024-01-16,922
J0015,Marcos Paula,ASIA,30,Platino,2025-03-16,497
J0016,Crescencia Prudencio,EU-Oeste,82,Platino,2024-12-13,590
J0017,Maria Teresa Goni,EU-Oeste,27,Oro,2025-07-24,367
J0018,Jacobo Cebrian,LATAM,83,Bronce,2024-01-19,919
J0019,Luciano Lobo,EU-Oeste,94,Bronce,2024-03-27,851
J0020,Fermin Palomar,EU-Oeste,82,Oro,2024-09-20,674
J0021,Herminia Lasa,EU-Oeste,99,Oro,2025-05-27,425
J0022,Bibiana Donoso,LATAM,41,Plata,2025-05-17,435
J0023,Fernando Sevilla,EU-Oeste,73,Platino,2025-10-31,268
J0024,Monica Lerma,EU-Oeste,64,Plata,2025-02-18,523
J0025,Isidora Morata,EU-Este,19,Plata,2023-06-15,1137
J0026,Paca Grande,LATAM,69,Plata,2025-04-29,453
J0027,Salvador Moles,EU-Este,75,Plata,2024-05-18,799
J0028,Blas Morillo,ASIA,18,Plata,2025-05-27,425
J0029,Iban Villaverde,LATAM,15,Bronce,2025-10-05,294
J0030,Vergara Clavero,LATAM,55,Oro,2025-07-27,364
J0031,Jose Manuel Jodar,EU-Oeste,60,Plata,2024-12-08,595
J0032,Felipa Pujol,LATAM,2,Oro,2024-06-19,767
J0033,Emiliano Vergara,EU-Oeste,69,Oro,2025-09-11,318
J0034,Adrian Bou,LATAM,15,Plata,2023-11-11,988
J0035,Ezequiel Canals,EU-Este,93,Platino,2025-07-29,362
J0036,Monica Roca,ASIA,98,Bronce,2025-04-12,470
J0037,Rico Plaza,EU-Oeste,81,Plata,2023-06-17,1135
J0038,Angel Lerma,EU-Este,26,Bronce,2024-03-23,855
J0039,Isabel Carbo,EU-Oeste,100,Platino,2023-11-18,981
J0040,Maria Jose Canellas,EU-Oeste,42,Plata,2023-06-11,1141
J0041,Trinidad Roca,LATAM,40,Bronce,2025-09-14,315
J0042,Angelita Lago,LATAM,11,Bronce,2025-05-05,447
J0043,Anunciacion Camino,LATAM,98,Plata,2024-08-27,698
J0044,Prudencia Beltran,EU-Oeste,61,Platino,2025-08-31,329
J0045,Ezequiel Pereira,EU-Oeste,78,Plata,2025-07-21,370
J0046,Calista Abascal,LATAM,97,Oro,2025-06-04,417
J0047,Amaya Ferrando,LATAM,52,Diamante,2025-06-15,406
J0048,Selena Berenguer,EU-Oeste,67,Plata,2024-03-12,866
J0049,Selena Hernando,EU-Oeste,44,Bronce,2025-04-28,454
J0050,Lupita Boada,EU-Oeste,29,Bronce,2024-06-18,768
J0051,Lupita Bayon,EU-Oeste,30,Bronce,2024-01-13,925
J0052,Eduardo Talavera,LATAM,10,Plata,2025-12-05,233
J0053,Juan Manuel Alamo,EU-Oeste,28,Plata,2025-03-27,486
J0054,Eutropio Galan,LATAM,74,Oro,2023-12-28,941
J0055,Leyre Mesa,LATAM,53,Bronce,2025-05-03,449
J0056,Genoveva Perea,EU-Oeste,46,Plata,2025-09-29,300
J0057,Ariadna Carrillo,LATAM,7,Oro,2024-09-15,679
J0058,Bernardo Neira,EU-Oeste,52,Oro,2024-03-16,862
J0059,Dionisia Grau,LATAM,32,Bronce,2023-10-10,1020
J0060,Adrian Belda,EU-Este,55,Bronce,2024-07-06,750
J0061,Borja Granados,EU-Oeste,10,Plata,2024-09-20,674
J0062,Calisto Murillo,LATAM,13,Bronce,2023-08-08,1083
J0063,Leon Torralba,LATAM,12,Platino,2024-07-02,754
J0064,Calista Catalan,EU-Oeste,53,Plata,2023-08-21,1070
J0065,Febe Herrero,LATAM,8,Bronce,2025-06-02,419
J0066,Panfilo Ramirez,ASIA,34,Platino,2026-01-04,203
J0067,Genoveva Caballero,EU-Este,55,Oro,2023-10-26,1004
J0068,Fernando Pablo,ASIA,72,Oro,2023-12-20,949
J0069,Herminia Solera,EU-Oeste,38,Bronce,2024-08-26,699
J0070,Benjamin Cabello,LATAM,70,Bronce,2025-11-08,260
J0071,Vergara Nicolau,EU-Oeste,75,Plata,2025-02-19,522
J0072,Gregorio Ibarra,LATAM,21,Bronce,2023-06-10,1142
J0073,Brunilda Sanabria,EU-Oeste,24,Bronce,2024-08-04,721
J0074,Telmo Espanol,EU-Este,31,Plata,2025-10-29,270
J0075,Oscar Cuenca,LATAM,32,Oro,2023-05-18,1165
J0076,Bernardo Cabanas,EU-Oeste,54,Oro,2025-11-27,241
J0077,Angeles Bueno,EU-Este,34,Bronce,2024-06-07,779
J0078,Flavio Ramos,EU-Oeste,34,Plata,2024-01-04,934
J0079,Ivan Teruel,LATAM,59,Plata,2024-02-19,888
J0080,Aurelio Barral,LATAM,2,Plata,2023-11-29,970
J0081,Yessica Abril,ASIA,10,Plata,2024-06-09,777
J0082,Angeles Lluch,EU-Oeste,45,Platino,2024-08-06,719
J0083,Gracia Torrecilla,EU-Oeste,37,Bronce,2023-07-21,1101
J0084,Manu Gelabert,EU-Este,39,Oro,2023-09-06,1054
J0085,Mariana Barrera,EU-Oeste,2,Oro,2023-10-03,1027
J0086,Baudelio Arteaga,EU-Oeste,85,Bronce,2024-06-18,768
J0087,Angeles Valverde,EU-Oeste,15,Platino,2023-07-22,1100
J0088,Baudelio Verdejo,EU-Oeste,35,Plata,2023-12-08,961
J0089,Bruno Estevez,EU-Oeste,27,Oro,2025-06-05,416
J0090,Sancho Gutierrez,EU-Oeste,63,Plata,2023-08-17,1074
J0091,Cristina Hoz,LATAM,12,Oro,2023-06-22,1130
J0092,Simon Bilbao,EU-Oeste,1,Plata,2023-09-10,1050
J0093,Juan Carlos Lobo,EU-Este,34,Bronce,2025-08-26,334
J0094,Juan Manuel Priego,ASIA,55,Oro,2024-10-11,653
J0095,Hilda Marin,EU-Oeste,89,Platino,2025-09-14,315
J0096,Felipa Molina,EU-Oeste,48,Oro,2024-06-27,759
J0097,Alvaro Agusti,EU-Este,6,Plata,2025-08-08,352
J0098,Brigida Beltran,LATAM,6,Platino,2023-07-01,1121
J0099,Antonia Lara,LATAM,86,Bronce,2025-06-05,416
J0100,Paco Bayona,ASIA,53,Diamante,2023-10-31,999
J0101,Rafael Lopez,EU-Oeste,31,Platino,2023-12-01,968
J0102,Mate Urbano,LATAM,53,Bronce,2023-10-10,1020
J0103,Gracia Mari,LATAM,53,Platino,2023-12-14,955
J0104,Juan Luis Canizares,ASIA,32,Plata,2023-08-06,1085
J0105,Manuelita Campo,EU-Oeste,49,Platino,2023-10-23,1007
J0106,Lalo Lujan,EU-Este,26,Platino,2023-08-11,1080
J0107,Liliana Novoa,EU-Oeste,30,Bronce,2024-09-22,672
J0108,Jacinta Laguna,EU-Oeste,43,Plata,2024-03-02,876
J0109,Valeria Iglesias,ASIA,36,Plata,2025-10-27,272
J0110,Paula Roda,EU-Oeste,69,Plata,2024-08-03,722
J0111,Arsenio Laguna,EU-Oeste,34,Bronce,2025-12-09,229
J0112,Febe Juarez,ASIA,5,Bronce,2023-04-27,1186
J0113,Manuela Sala,EU-Oeste,41,Plata,2024-10-19,645
J0114,Marc Agusti,EU-Oeste,74,Bronce,2024-08-01,724
J0115,Caridad Company,EU-Oeste,1,Plata,2025-11-22,246
J0116,Dafne Peiro,EU-Este,93,Platino,2023-10-04,1026
J0117,Tito Castell,EU-Este,47,Plata,2023-12-14,955
J0118,Panfilo Mendez,ASIA,43,Oro,2023-05-11,1172
J0119,Humberto Pallares,LATAM,93,Platino,2024-02-27,880
J0120,Griselda Calderon,EU-Oeste,53,Plata,2024-08-05,720
J0121,Melisa Nieto,EU-Oeste,17,Bronce,2024-01-24,914
J0122,Angela Guzman,LATAM,87,Oro,2024-02-26,881
J0123,Nereida Elorza,LATAM,39,Plata,2025-07-12,379
J0124,Angela Amat,EU-Oeste,37,Bronce,2023-09-06,1054
J0125,Micaela Campo,LATAM,84,Plata,2023-10-25,1005
J0126,Feliciano Jodar,EU-Este,28,Plata,2024-10-11,653
J0127,Ivan Sosa,LATAM,95,Bronce,2023-10-17,1013
J0128,Olga Segui,EU-Oeste,85,Oro,2025-10-12,287
J0129,Marcos Corominas,EU-Oeste,97,Bronce,2025-01-28,544
J0130,Sabas Ferrando,EU-Oeste,26,Bronce,2025-02-23,518
J0131,Leon Morillo,EU-Oeste,61,Oro,2025-11-20,248
J0132,Felipa Rodriguez,EU-Oeste,54,Platino,2023-11-12,987
J0133,Amaro Abellan,EU-Oeste,90,Plata,2024-05-27,790
J0134,Lara Custodia,EU-Oeste,84,Oro,2024-11-23,610
J0135,Debora Camps,LATAM,99,Platino,2023-07-07,1115
J0136,Fermin Ojeda,EU-Este,23,Platino,2023-11-01,998
J0137,Tristan Muro,EU-Este,7,Oro,2024-01-25,913
J0138,Trinidad Plaza,LATAM,59,Bronce,2023-06-12,1140
J0139,Jose Manuel Arregui,LATAM,72,Oro,2024-09-18,676
J0140,Amarilis Abellan,LATAM,57,Oro,2023-05-10,1173
J0141,Prudencio Rosado,LATAM,55,Platino,2024-01-01,937
J0142,Estrella Murillo,EU-Este,21,Oro,2024-06-24,762
J0143,Gracia Donoso,EU-Este,97,Bronce,2024-09-07,687
J0144,Griselda Torrecilla,EU-Oeste,100,Plata,2024-03-25,853
J0145,Elisabet Marques,EU-Oeste,57,Bronce,2024-04-05,842
J0146,Gregorio Rivero,EU-Oeste,43,Plata,2025-03-20,493
J0147,Aranzazu Davila,EU-Oeste,20,Bronce,2024-07-02,754
J0148,Santiago Marin,EU-Oeste,28,Bronce,2024-01-27,911
J0149,Luciano Clavero,EU-Oeste,60,Plata,2024-11-15,618
J0150,Adela Ayllon,LATAM,50,Platino,2025-06-09,412
J0151,Ariadna Saenz,LATAM,3,Platino,2024-05-18,799
J0152,Genoveva Blazquez,EU-Este,62,Bronce,2023-11-15,984
J0153,Aranzazu Carbo,EU-Oeste,50,Platino,2025-01-11,561
J0154,Hortensia Gutierrez,LATAM,69,Oro,2023-05-06,1177
J0155,Jafet Juarez,LATAM,29,Plata,2024-06-26,760
J0156,Jose Ignacio Arteaga,EU-Este,4,Plata,2025-04-02,480
J0157,Priscila Beltran,EU-Este,52,Oro,2024-02-22,885
J0158,Felipa Ferreras,EU-Este,17,Diamante,2023-08-30,1061
J0159,Borja Zurrutia,EU-Oeste,51,Oro,2024-07-09,747
J0160,Eusebio Adan,EU-Oeste,83,Plata,2024-02-28,879
J0161,Isidoro Rodriguez,EU-Este,7,Plata,2023-08-03,1088
J0162,Nilda Villaverde,EU-Oeste,42,Plata,2025-02-05,536
J0163,Teodora Ayllon,EU-Oeste,97,Diamante,2023-07-21,1101
J0164,Yessica Carrion,EU-Oeste,11,Plata,2024-11-01,632
J0165,Dominga Canellas,EU-Este,45,Bronce,2023-12-01,968
J0166,Ariadna Molins,LATAM,84,Bronce,2025-10-28,271
J0167,Emiliano Vargas,LATAM,26,Platino,2025-12-06,232
J0168,Hilda Cuenca,EU-Oeste,17,Plata,2024-04-10,837
J0169,Lupita Sandoval,EU-Este,28,Plata,2025-09-11,318
J0170,Priscila Lluch,LATAM,22,Oro,2025-04-19,463
J0171,Isidora Haro,LATAM,15,Oro,2023-04-26,1187
J0172,Angeles Berenguer,ASIA,14,Oro,2025-07-23,368
J0173,Joel Lerma,EU-Oeste,87,Platino,2023-05-31,1152
J0174,Teodora Rivero,EU-Oeste,92,Bronce,2024-12-18,585
J0175,Eutropio Guardia,EU-Oeste,81,Bronce,2024-05-10,807
J0176,Heraclio Corominas,LATAM,88,Oro,2024-01-24,914
J0177,Bernardo Ribera,LATAM,73,Oro,2025-09-05,324
J0178,Juan Muro,EU-Este,85,Plata,2025-01-16,556
J0179,Company Ricart,EU-Oeste,2,Platino,2024-08-06,719
J0180,Pepita Rivera,EU-Este,56,Diamante,2023-09-17,1043
J0181,Telmo Aller,LATAM,59,Oro,2024-03-27,851
J0182,Amaro Tapia,EU-Oeste,67,Diamante,2024-10-18,646
J0183,Marc Carrillo,EU-Oeste,69,Oro,2025-04-05,477
J0184,Amarilis Gimenez,EU-Este,94,Oro,2024-09-17,677
J0185,Tristan Bru,LATAM,12,Plata,2025-02-10,531
J0186,Isidoro Navarrete,EU-Oeste,60,Oro,2024-10-02,662
J0187,Antonia Dalmau,EU-Oeste,4,Plata,2024-02-22,885
J0188,Esther Amores,EU-Oeste,28,Plata,2025-02-08,533
J0189,Company Amores,EU-Oeste,77,Oro,2025-04-17,465
J0190,Eusebio Cerda,EU-Oeste,67,Platino,2025-03-30,483
J0191,Aureliano Juan,EU-Oeste,53,Plata,2025-10-11,288
J0192,Griselda Moran,EU-Oeste,61,Oro,2023-11-22,977
J0193,Dafne Morillo,EU-Este,3,Bronce,2024-08-22,703
J0194,Micaela Lobo,EU-Este,32,Plata,2025-05-25,427
J0195,Olga Finiesta,EU-Oeste,71,Plata,2024-05-21,796
J0196,Cristina Aliaga,ASIA,71,Plata,2024-10-28,636
J0197,Jacobo Olmo,EU-Este,40,Plata,2024-01-18,920
J0198,Marisela Arjona,LATAM,41,Bronce,2025-09-05,324
J0199,Heraclio Huertas,ASIA,89,Bronce,2024-07-07,749
J0200,Jorge Corominas,EU-Este,36,Oro,2025-05-30,422
