id_jugador,nick,region,nivel,rango,fecha_registro
J0001,amayamanuela,EU-Oeste,95,Plata,2024-03-23
J0002,jose-ignacio32,EU-Oeste,14,Oro,2025-05-23
J0003,bonetdominga,EU-Este,76,Plata,2023-07-08
J0004,banton,EU-Oeste,30,Plata,2025-12-07
J0005,giljoan,NA,92,Oro,2025-12-10
J0006,florlilia,EU-Este,58,Oro,2024-06-27
J0007,cgimenez,LATAM,98,Platino,2023-10-01
J0008,nydia02,EU-Este,36,Bronce,2024-01-23
J0009,rnieto,LATAM,14,Bronce,2023-05-02
J0010,ildefonsonavarro,EU-Oeste,45,Oro,2025-09-29
J0011,bruricardo,EU-Oeste,59,Plata,2023-10-03
J0012,palomarrebeca,EU-Oeste,71,Plata,2023-06-07
J0013,elisabet40,NA,47,Oro,2024-04-03
J0014,ycasanovas,EU-Oeste,85,Bronce,2024-01-16
J0015,marcospaula,ASIA,30,Platino,2025-03-16
J0016,crescencia31,EU-Oeste,82,Platino,2024-12-13
J0017,gonimaria-teresa,EU-Oeste,27,Oro,2025-07-24
J0018,cebrian31,LATAM,83,Bronce,2024-01-19
J0019,dlobo,EU-Oeste,94,Bronce,2024-03-27
J0020,fermin55,EU-Oeste,82,Oro,2024-09-20
J0021,herminialasa,NA,99,Oro,2025-05-27
J0022,donosobibiana,LATAM,41,Plata,2025-05-17
J0023,fernandosevilla,EU-Oeste,73,Platino,2025-10-31
J0024,olerma,EU-Oeste,64,Plata,2025-02-18
J0025,isidoramorata,NA,19,Plata,2023-06-15
J0026,grandepaca,NA,69,Plata,2025-04-29
J0027,molessalvador,EU-Este,75,Plata,2024-05-18
J0028,blas39,ASIA,18,Plata,2025-05-27
J0029,iban76,LATAM,15,Bronce,2025-10-05
J0030,qclavero,LATAM,55,Oro,2025-07-27
J0031,jose-manueljodar,EU-Oeste,60,Plata,2024-12-08
J0032,xpujol,LATAM,2,Oro,2024-06-19
J0033,emilianovergara,NA,69,Oro,2025-09-11
J0034,wbou,NA,15,Plata,2023-11-11
J0035,canalsezequiel,EU-Este,93,Platino,2025-07-29
J0036,monicaroca,ASIA,98,Bronce,2025-04-12
J0037,plazarico,EU-Oeste,81,Plata,2023-06-17
J0038,qangel,EU-Este,26,Bronce,2024-03-23
J0039,carboisabel,EU-Oeste,100,Platino,2023-11-18
J0040,maria-jose51,EU-Oeste,42,Plata,2023-06-11
J0041,trinidad27,LATAM,40,Bronce,2025-09-14
J0042,lagoangelita,LATAM,11,Bronce,2025-05-05
J0043,anunciacioncamino,LATAM,98,Plata,2024-08-27
J0044,prudencia89,EU-Oeste,61,Platino,2025-08-31
J0045,ezequielpereira,EU-Oeste,78,Plata,2025-07-21
J0046,calistaabascal,LATAM,97,Oro,2025-06-04
J0047,amaya01,NA,52,Diamante,2025-06-15
J0048,selena43,EU-Oeste,67,Plata,2024-03-12
J0049,hernandoselena,EU-Oeste,44,Bronce,2025-04-28
J0050,boadalupita,EU-Oeste,29,Bronce,2024-06-18
J0051,wbayon,NA,30,Bronce,2024-01-13
J0052,eduardotalavera,LATAM,10,Plata,2025-12-05
J0053,juan-manuelalamo,NA,28,Plata,2025-03-27
J0054,igalan,LATAM,74,Oro,2023-12-28
J0055,leyremesa,LATAM,53,Bronce,2025-05-03
J0056,cperea,NA,46,Plata,2025-09-29
J0057,pcarrillo,LATAM,7,Oro,2024-09-15
J0058,bernardoneira,EU-Oeste,52,Oro,2024-03-16
J0059,graudionisia,LATAM,32,Bronce,2023-10-10
J0060,adrianbelda,EU-Este,55,Bronce,2024-07-06
J0061,granadosborja,EU-Oeste,10,Plata,2024-09-20
J0062,murillocalisto,LATAM,13,Bronce,2023-08-08
J0063,leontorralba,LATAM,12,Platino,2024-07-02
J0064,calistacatalan,EU-Oeste,53,Plata,2023-08-21
J0065,yherrero,LATAM,8,Bronce,2025-06-02
J0066,mramirez,ASIA,34,Platino,2026-01-04
J0067,caballerogenoveva,EU-Este,55,Oro,2023-10-26
J0068,bpablo,ASIA,72,Oro,2023-12-20
J0069,usolera,EU-Oeste,38,Bronce,2024-08-26
J0070,cabellobenjamin,NA,70,Bronce,2025-11-08
J0071,znicolau,EU-Oeste,75,Plata,2025-02-19
J0072,ibarragregorio,LATAM,21,Bronce,2023-06-10
J0073,brunildasanabria,EU-Oeste,24,Bronce,2024-08-04
J0074,telmoespanol,NA,31,Plata,2025-10-29
J0075,oscar31,LATAM,32,Oro,2023-05-18
J0076,dcabanas,NA,54,Oro,2025-11-27
J0077,buenoangeles,EU-Este,34,Bronce,2024-06-07
J0078,flavioramos,EU-Oeste,34,Plata,2024-01-04
J0079,nteruel,NA,59,Plata,2024-02-19
J0080,kbarral,LATAM,2,Plata,2023-11-29
J0081,yabril,ASIA,10,Plata,2024-06-09
J0082,angeles74,EU-Oeste,45,Platino,2024-08-06
J0083,jtorrecilla,EU-Oeste,37,Bronce,2023-07-21
J0084,manugelabert,EU-Este,39,Oro,2023-09-06
J0085,barreramariana,NA,2,Oro,2023-10-03
J0086,baudelio09,EU-Oeste,85,Bronce,2024-06-18
J0087,hvalverde,EU-Oeste,15,Platino,2023-07-22
J0088,baudelioverdejo,NA,35,Plata,2023-12-08
J0089,estevezbruno,NA,27,Oro,2025-06-05
J0090,gutierrezsancho,EU-Oeste,63,Plata,2023-08-17
J0091,hozcristina,LATAM,12,Oro,2023-06-22
J0092,bilbaosimon,EU-Oeste,1,Plata,2023-09-10
J0093,juan-carlos35,NA,34,Bronce,2025-08-26
J0094,juan-manuelpriego,NA,55,Oro,2024-10-11
J0095,hildamarin,EU-Oeste,89,Platino,2025-09-14
J0096,wmolina,EU-Oeste,48,Oro,2024-06-27
J0097,agustialvaro,EU-Este,6,Plata,2025-08-08
J0098,beltranbrigida,LATAM,6,Platino,2023-07-01
J0099,antonialara,NA,86,Bronce,2025-06-05
J0100,pacobayona,NA,53,Diamante,2023-10-31
J0101,rafaellopez,EU-Oeste,31,Platino,2023-12-01
J0102,urbanomate,LATAM,53,Bronce,2023-10-10
J0103,marigracia,LATAM,53,Platino,2023-12-14
J0104,canizaresjuan-luis,NA,32,Plata,2023-08-06
J0105,campomanuelita,NA,49,Platino,2023-10-23
J0106,lalolujan,EU-Este,26,Platino,2023-08-11
J0107,liliananovoa,EU-Oeste,30,Bronce,2024-09-22
J0108,jacintalaguna,EU-Oeste,43,Plata,2024-03-02
J0109,diglesias,ASIA,36,Plata,2025-10-27
J0110,rodapaula,EU-Oeste,69,Plata,2024-08-03
J0111,arsenio05,EU-Oeste,34,Bronce,2025-12-09
J0112,febejuarez,ASIA,5,Bronce,2023-04-27
J0113,manuelasala,EU-Oeste,41,Plata,2024-10-19
J0114,hagusti,EU-Oeste,74,Bronce,2024-08-01
J0115,companycaridad,NA,1,Plata,2025-11-22
J0116,peirodafne,EU-Este,93,Platino,2023-10-04
J0117,titocastell,NA,47,Plata,2023-12-14
J0118,mendezpanfilo,NA,43,Oro,2023-05-11
J0119,pallareshumberto,LATAM,93,Platino,2024-02-27
J0120,griseldacalderon,EU-Oeste,53,Plata,2024-08-05
J0121,melisa86,EU-Oeste,17,Bronce,2024-01-24
J0122,angelaguzman,LATAM,87,Oro,2024-02-26
J0123,nereidaelorza,NA,39,Plata,2025-07-12
J0124,lamat,EU-Oeste,37,Bronce,2023-09-06
J0125,micaela63,NA,84,Plata,2023-10-25
J0126,feliciano16,EU-Este,28,Plata,2024-10-11
J0127,sosaivan,LATAM,95,Bronce,2023-10-17
J0128,olgasegui,EU-Oeste,85,Oro,2025-10-12
J0129,marcos33,EU-Oeste,97,Bronce,2025-01-28
J0130,ferrandosabas,EU-Oeste,26,Bronce,2025-02-23
J0131,leon14,EU-Oeste,61,Oro,2025-11-20
J0132,felipa86,EU-Oeste,54,Platino,2023-11-12
J0133,amaro14,EU-Oeste,90,Plata,2024-05-27
J0134,custodialara,EU-Oeste,84,Oro,2024-11-23
J0135,campsdebora,LATAM,99,Platino,2023-07-07
J0136,uojeda,EU-Este,23,Platino,2023-11-01
J0137,tristan98,EU-Este,7,Oro,2024-01-25
J0138,plazatrinidad,LATAM,59,Bronce,2023-06-12
J0139,jose-manuelarregui,NA,72,Oro,2024-09-18
J0140,habellan,LATAM,57,Oro,2023-05-10
J0141,prudenciorosado,LATAM,55,Platino,2024-01-01
J0142,murilloestrella,EU-Este,21,Oro,2024-06-24
J0143,gracia14,EU-Este,97,Bronce,2024-09-07
J0144,griselda65,EU-Oeste,100,Plata,2024-03-25
J0145,jmarques,EU-Oeste,57,Bronce,2024-04-05
J0146,gregoriorivero,EU-Oeste,43,Plata,2025-03-20
J0147,ndavila,EU-Oeste,20,Bronce,2024-07-02
J0148,santiago80,EU-Oeste,28,Bronce,2024-01-27
J0149,luciano36,EU-Oeste,60,Plata,2024-11-15
J0150,adela77,LATAM,50,Platino,2025-06-09
J0151,ariadnasaenz,LATAM,3,Platino,2024-05-18
J0152,genovevablazquez,NA,62,Bronce,2023-11-15
J0153,aranzazu95,EU-Oeste,50,Platino,2025-01-11
J0154,gutierrezhortensia,LATAM,69,Oro,2023-05-06
J0155,jafet32,LATAM,29,Plata,2024-06-26
J0156,arteagajose-ignacio,EU-Este,4,Plata,2025-04-02
J0157,dbeltran,NA,52,Oro,2024-02-22
J0158,tferreras,EU-Este,17,Diamante,2023-08-30
J0159,zurrutia,EU-Oeste,51,Oro,2024-07-09
J0160,eusebioadan,EU-Oeste,83,Plata,2024-02-28
J0161,rodriguezisidoro,EU-Este,7,Plata,2023-08-03
J0162,nildavillaverde,EU-Oeste,42,Plata,2025-02-05
J0163,jayllon,EU-Oeste,97,Diamante,2023-07-21
J0164,yessicacarrion,EU-Oeste,11,Plata,2024-11-01
J0165,zcanellas,EU-Este,45,Bronce,2023-12-01
J0166,wmolins,LATAM,84,Bronce,2025-10-28
J0167,bvargas,LATAM,26,Platino,2025-12-06
J0168,vcuenca,EU-Oeste,17,Plata,2024-04-10
J0169,qsandoval,NA,28,Plata,2025-09-11
J0170,priscilalluch,LATAM,22,Oro,2025-04-19
J0171,rharo,NA,15,Oro,2023-04-26
J0172,tberenguer,ASIA,14,Oro,2025-07-23
J0173,joel45,EU-Oeste,87,Platino,2023-05-31
J0174,teodora81,EU-Oeste,92,Bronce,2024-12-18
J0175,eutropioguardia,NA,81,Bronce,2024-05-10
J0176,tcorominas,LATAM,88,Oro,2024-01-24
J0177,bernardoribera,LATAM,73,Oro,2025-09-05
J0178,imuro,EU-Este,85,Plata,2025-01-16
J0179,dricart,NA,2,Platino,2024-08-06
J0180,pepitarivera,EU-Este,56,Diamante,2023-09-17
J0181,waller,LATAM,59,Oro,2024-03-27
J0182,atapia,EU-Oeste,67,Diamante,2024-10-18
J0183,marc66,NA,69,Oro,2025-04-05
J0184,amarilisgimenez,EU-Este,94,Oro,2024-09-17
J0185,tristan70,LATAM,12,Plata,2025-02-10
J0186,qnavarrete,EU-Oeste,60,Oro,2024-10-02
J0187,ddalmau,EU-Oeste,4,Plata,2024-02-22
J0188,estheramores,EU-Oeste,28,Plata,2025-02-08
J0189,famores,EU-Oeste,77,Oro,2025-04-17
J0190,dcerda,NA,67,Platino,2025-03-30
J0191,aurelianojuan,EU-Oeste,53,Plata,2025-10-11
J0192,nmoran,EU-Oeste,61,Oro,2023-11-22
J0193,vmorillo,EU-Este,3,Bronce,2024-08-22
J0194,wlobo,EU-Este,32,Plata,2025-05-25
J0195,finiesta,EU-Oeste,71,Plata,2024-05-21
J0196,valiaga,ASIA,71,Plata,2024-10-28
J0197,olmojacobo,EU-Este,40,Plata,2024-01-18
J0198,arjonamarisela,NA,41,Bronce,2025-09-05
J0199,huertasheraclio,ASIA,89,Bronce,2024-07-07
J0200,corominasjorge,NA,36,Oro,2025-05-30
